{
  "annotations": {
    "list": [
      {
        "builtIn": 1,
        "datasource": {
          "type": "grafana",
          "uid": "-- Grafana --"
        },
        "enable": true,
        "hide": true,
        "iconColor": "rgba(0, 211, 255, 1)",
        "name": "Annotations & Alerts",
        "type": "dashboard"
      }
    ]
  },
  "editable": false,
  "fiscalYearStartMonth": 0,
  "graphTooltip": 0,
  "id": null,
  "links": [],
  "liveNow": false,
  "panels": [
    {
      "datasource": {
        "type": "prometheus",
        "uid": "${datasource}"
      },
      "gridPos": {
        "h": 2,
        "w": 1,
        "x": 0,
        "y": 0
      },
      "id": 16,
      "options": {
        "code": {
          "language": "plaintext",
          "showLineNumbers": false,
          "showMiniMap": false
        },
        "content": "<div>\n  <img src=\"/public/plugins/grafana-oncall-app/assets/img/logo.svg\">\n</div>",
        "mode": "html"
      },
      "pluginVersion": "9.5.2",
      "transparent": true,
      "type": "text"
    },
    {
      "datasource": {
        "type": "prometheus",
        "uid": "${datasource}"
      },
      "description": "",
      "gridPos": {
        "h": 2,
        "w": 23,
        "x": 1,
        "y": 0
      },
      "id": 17,
      "options": {
        "code": {
          "language": "plaintext",
          "showLineNumbers": false,
          "showMiniMap": false
        },
        "content": "# Grafana OnCall Insights",
        "mode": "markdown"
      },
      "pluginVersion": "9.5.2",
      "transparent": true,
      "type": "text"
    },
    {
      "datasource": {
        "type": "prometheus",
        "uid": "${datasource}"
      },
      "gridPos": {
        "h": 3,
        "w": 24,
        "x": 0,
        "y": 2
      },
      "id": 18,
      "options": {
        "code": {
          "language": "plaintext",
          "showLineNumbers": false,
          "showMiniMap": false
        },
        "content": "📣 This is a read-only dashboard. To make a copy, click \"Settings\" and \"Save as\".\n\n📝 If you see *\"No data\"* errors, check the right datasource is selected\nand that you have already used and setup the [OnCall](/a/grafana-oncall-app/alert-groups) plugin.\nYou can also try [re-importing the dashboard](/plugins/grafana-oncall-app?page=dashboards)\nto confirm you have the latest updates. If you just copied the dashboard,\nyou may need to reload it.",
        "mode": "markdown"
      },
      "pluginVersion": "9.5.2",
      "transparent": true,
      "type": "text"
    },
    {
      "collapsed": false,
      "gridPos": {
        "h": 1,
        "w": 24,
        "x": 0,
        "y": 5
      },
      "id": 19,
      "panels": [],
      "title": "Overview",
      "type": "row"
    },
    {
      "datasource": {
        "type": "prometheus",
        "uid": "${datasource}"
      },
      "fieldConfig": {
        "defaults": {
          "color": {
            "mode": "thresholds"
          },
          "mappings": [],
          "thresholds": {
            "mode": "absolute",
            "steps": [
              {
                "color": "text",
                "value": null
              }
            ]
          },
          "unit": "none"
        },
        "overrides": [
          {
            "matcher": {
              "id": "byName",
              "options": "Value"
            },
            "properties": [
              {
                "id": "displayName",
                "value": "Total alert groups"
              }
            ]
          }
        ]
      },
      "gridPos": {
        "h": 7,
        "w": 5,
        "x": 0,
        "y": 6
      },
      "id": 25,
      "options": {
        "colorMode": "value",
        "graphMode": "none",
        "justifyMode": "center",
        "orientation": "auto",
        "reduceOptions": {
          "calcs": ["lastNotNull"],
          "fields": "",
          "values": false
        },
        "textMode": "auto"
      },
      "pluginVersion": "9.5.2",
      "targets": [
        {
          "datasource": {
            "type": "prometheus",
            "uid": "${datasource}"
          },
          "disableTextWrap": false,
          "editorMode": "code",
          "excludeNullMetadata": false,
          "exemplar": false,
          "expr": "max_over_time(sum(avg without(pod, instance) ($alert_groups_total{slug=~\"$instance\", team=~\"$team\", integration=~\"$integration\"}))[1d:])",
          "format": "time_series",
          "fullMetaSearch": false,
          "instant": false,
          "legendFormat": "__auto",
          "range": true,
          "refId": "A",
          "useBackend": false
        }
      ],
      "title": "Total alert groups",
      "type": "stat"
    },
    {
      "datasource": {
        "type": "prometheus",
        "uid": "${datasource}"
      },
      "fieldConfig": {
        "defaults": {
          "color": {
            "mode": "thresholds"
          },
          "mappings": [],
          "thresholds": {
            "mode": "absolute",
            "steps": [
              {
                "color": "green",
                "value": null
              }
            ]
          }
        },
        "overrides": [
          {
            "matcher": {
              "id": "byName",
              "options": "firing"
            },
            "properties": [
              {
                "id": "color",
                "value": {
                  "fixedColor": "red",
                  "mode": "fixed"
                }
              }
            ]
          },
          {
            "matcher": {
              "id": "byName",
              "options": "acknowledged"
            },
            "properties": [
              {
                "id": "color",
                "value": {
                  "fixedColor": "dark-yellow",
                  "mode": "fixed"
                }
              }
            ]
          },
          {
            "matcher": {
              "id": "byName",
              "options": "silenced"
            },
            "properties": [
              {
                "id": "color",
                "value": {
                  "mode": "fixed"
                }
              }
            ]
          }
        ]
      },
      "gridPos": {
        "h": 7,
        "w": 6,
        "x": 5,
        "y": 6
      },
      "id": 1,
      "options": {
        "displayMode": "gradient",
        "minVizHeight": 10,
        "minVizWidth": 0,
        "orientation": "vertical",
        "reduceOptions": {
          "calcs": ["lastNotNull"],
          "fields": "",
          "values": false
        },
        "showUnfilled": true,
        "valueMode": "color"
      },
      "pluginVersion": "9.5.2",
      "targets": [
        {
          "datasource": {
            "type": "prometheus",
            "uid": "${datasource}"
          },
          "disableTextWrap": false,
          "editorMode": "code",
          "excludeNullMetadata": false,
          "expr": "sum by (state) (avg without(pod, instance) ($alert_groups_total{slug=~\"$instance\", team=~\"$team\", integration=~\"$integration\"}))",
          "fullMetaSearch": false,
          "legendFormat": "__auto",
          "range": true,
          "refId": "A",
          "useBackend": false
        }
      ],
      "title": "Total alert groups by state",
      "transformations": [
        {
          "id": "joinByLabels",
          "options": {
            "value": "state"
          }
        },
        {
          "id": "organize",
          "options": {
            "excludeByName": {},
            "indexByName": {
              "acknowledged": 1,
              "firing": 0,
              "resolved": 2,
              "silenced": 3
            },
            "renameByName": {}
          }
        }
      ],
      "type": "bargauge"
    },
    {
      "datasource": {
        "type": "prometheus",
        "uid": "${datasource}"
      },
      "fieldConfig": {
        "defaults": {
          "color": {
            "mode": "thresholds"
          },
          "decimals": 0,
          "mappings": [],
          "thresholds": {
            "mode": "absolute",
            "steps": [
              {
                "color": "text",
                "value": null
              }
            ]
          },
          "unit": "none"
        },
        "overrides": [
          {
            "matcher": {
              "id": "byName",
              "options": "Value"
            },
            "properties": [
              {
                "id": "displayName",
                "value": "New alert groups"
              }
            ]
          }
        ]
      },
      "gridPos": {
        "h": 7,
        "w": 5,
        "x": 11,
        "y": 6
      },
      "id": 29,
      "options": {
        "colorMode": "value",
        "graphMode": "none",
        "justifyMode": "center",
        "orientation": "auto",
        "reduceOptions": {
          "calcs": ["lastNotNull"],
          "fields": "",
          "values": false
        },
        "textMode": "auto"
      },
      "pluginVersion": "9.5.2",
      "targets": [
        {
          "datasource": {
            "type": "prometheus",
            "uid": "${datasource}"
          },
          "disableTextWrap": false,
          "editorMode": "code",
          "excludeNullMetadata": false,
          "exemplar": false,
          "expr": "increase(max_over_time(sum(avg without(pod, instance) ($alert_groups_total{slug=~\"$instance\", team=~\"$team\", integration=~\"$integration\"}))[1d:])[$__range:])",
          "format": "time_series",
          "fullMetaSearch": false,
          "includeNullMetadata": true,
          "instant": true,
          "legendFormat": "__auto",
          "range": false,
          "refId": "A",
          "useBackend": false
        }
      ],
      "timeTo": "5m",
      "title": "New alert groups for selected period",
      "type": "stat"
    },
    {
      "datasource": {
        "type": "prometheus",
        "uid": "${datasource}"
      },
      "description": "Mean time between the start and first action of all alert groups for the last 7 days",
      "fieldConfig": {
        "defaults": {
          "color": {
            "mode": "thresholds"
          },
          "mappings": [],
          "thresholds": {
            "mode": "absolute",
            "steps": [
              {
                "color": "text",
                "value": null
              }
            ]
          },
          "unit": "s"
        },
        "overrides": [
          {
            "matcher": {
              "id": "byName",
              "options": "Value"
            },
            "properties": [
              {
                "id": "displayName",
                "value": "MTTR"
              }
            ]
          }
        ]
      },
      "gridPos": {
        "h": 7,
        "w": 4,
        "x": 16,
        "y": 6
      },
      "id": 14,
      "options": {
        "colorMode": "value",
        "graphMode": "none",
        "justifyMode": "center",
        "orientation": "auto",
        "reduceOptions": {
          "calcs": ["lastNotNull"],
          "fields": "",
          "values": false
        },
        "text": {},
        "textMode": "auto"
      },
      "pluginVersion": "9.5.2",
      "targets": [
        {
          "datasource": {
            "type": "prometheus",
            "uid": "${datasource}"
          },
          "editorMode": "code",
          "exemplar": false,
          "expr": "avg_over_time((sum($alert_groups_response_time_seconds_sum{slug=~\"$instance\", team=~\"$team\", integration=~\"$integration\"}) / sum($alert_groups_response_time_seconds_count{slug=~\"$instance\", team=~\"$team\", integration=~\"$integration\"}))[$__range:])",
          "instant": true,
          "legendFormat": "__auto",
          "range": false,
          "refId": "A"
        }
      ],
      "title": "Mean time to respond (MTTR)",
      "type": "stat"
    },
    {
      "datasource": {
        "type": "prometheus",
        "uid": "${datasource}"
      },
      "description": "",
      "fieldConfig": {
        "defaults": {
          "color": {
            "mode": "thresholds"
          },
          "mappings": [],
          "thresholds": {
            "mode": "absolute",
            "steps": [
              {
                "color": "blue",
                "value": null
              },
              {
                "color": "green",
                "value": -10000000
              },
              {
                "color": "super-light-yellow",
                "value": 0
              }
            ]
          },
          "unit": "s"
        },
        "overrides": [
          {
            "matcher": {
              "id": "byName",
              "options": "Value"
            },
            "properties": [
              {
                "id": "displayName",
                "value": "MTTR"
              }
            ]
          }
        ]
      },
      "gridPos": {
        "h": 7,
        "w": 4,
        "x": 20,
        "y": 6
      },
      "id": 32,
      "options": {
        "colorMode": "value",
        "graphMode": "none",
        "justifyMode": "center",
        "orientation": "auto",
        "reduceOptions": {
          "calcs": ["diff"],
          "fields": "",
          "values": false
        },
        "textMode": "auto"
      },
      "pluginVersion": "9.5.2",
      "targets": [
        {
          "datasource": {
            "type": "prometheus",
            "uid": "${datasource}"
          },
          "editorMode": "code",
          "exemplar": false,
          "expr": "avg(sum($alert_groups_response_time_seconds_sum{slug=~\"$instance\", team=~\"$team\", integration=~\"$integration\"}) / sum($alert_groups_response_time_seconds_count{slug=~\"$instance\", team=~\"$team\", integration=~\"$integration\"}))",
          "instant": false,
          "legendFormat": "__auto",
          "range": true,
          "refId": "A"
        }
      ],
      "title": "MTTR changed for period",
      "type": "stat"
    },
    {
      "datasource": {
        "type": "prometheus",
        "uid": "${datasource}"
      },
      "fieldConfig": {
        "defaults": {
          "color": {
            "mode": "palette-classic"
          },
          "custom": {
            "axisCenteredZero": false,
            "axisColorMode": "text",
            "axisLabel": "",
            "axisPlacement": "auto",
            "barAlignment": 0,
            "drawStyle": "line",
            "fillOpacity": 80,
            "gradientMode": "opacity",
            "hideFrom": {
              "legend": false,
              "tooltip": false,
              "viz": false
            },
            "lineInterpolation": "linear",
            "lineStyle": {
              "fill": "solid"
            },
            "lineWidth": 1,
            "pointSize": 5,
            "scaleDistribution": {
              "type": "linear"
            },
            "showPoints": "auto",
            "spanNulls": false,
            "stacking": {
              "group": "A",
              "mode": "normal"
            },
            "thresholdsStyle": {
              "mode": "off"
            }
          },
          "decimals": 0,
          "displayName": "${__field.labels.integration}",
          "mappings": [],
          "thresholds": {
            "mode": "absolute",
            "steps": [
              {
                "color": "green",
                "value": null
              }
            ]
          }
        },
        "overrides": [
          {
            "matcher": {
              "id": "byValue",
              "options": {
                "op": "gte",
                "reducer": "allIsZero",
                "value": 0
              }
            },
            "properties": [
              {
                "id": "custom.hideFrom",
                "value": {
                  "legend": true,
                  "tooltip": true,
                  "viz": true
                }
              }
            ]
          }
        ]
      },
      "gridPos": {
        "h": 10,
        "w": 24,
        "x": 0,
        "y": 13
      },
      "id": 24,
      "options": {
        "legend": {
          "calcs": [],
          "displayMode": "list",
          "placement": "bottom",
          "showLegend": true
        },
        "tooltip": {
          "mode": "multi",
          "sort": "desc"
        }
      },
      "targets": [
        {
          "datasource": {
            "type": "prometheus",
            "uid": "${datasource}"
          },
          "disableTextWrap": false,
          "editorMode": "code",
          "excludeNullMetadata": false,
          "exemplar": false,
          "expr": "increase(max_over_time(sum by (integration) (avg without(pod, instance) ($alert_groups_total{slug=~\"$instance\", team=~\"$team\", integration=~\"$integration\"}))[30m:])[1h:])",
          "fullMetaSearch": false,
          "instant": false,
          "legendFormat": "__auto",
          "range": true,
          "refId": "A",
          "useBackend": false
        }
      ],
      "title": "New alert groups during time period",
      "type": "timeseries"
    },
    {
      "datasource": {
        "type": "prometheus",
        "uid": "${datasource}"
      },
      "description": "",
      "fieldConfig": {
        "defaults": {
          "color": {
            "fixedColor": "green",
            "mode": "fixed",
            "seriesBy": "min"
          },
          "custom": {
            "axisCenteredZero": false,
            "axisColorMode": "text",
            "axisLabel": "",
            "axisPlacement": "auto",
            "barAlignment": 0,
            "drawStyle": "line",
            "fillOpacity": 54,
            "gradientMode": "opacity",
            "hideFrom": {
              "legend": false,
              "tooltip": false,
              "viz": false
            },
            "lineInterpolation": "linear",
            "lineStyle": {
              "fill": "solid"
            },
            "lineWidth": 1,
            "pointSize": 5,
            "scaleDistribution": {
              "type": "linear"
            },
            "showPoints": "auto",
            "spanNulls": true,
            "stacking": {
              "group": "A",
              "mode": "none"
            },
            "thresholdsStyle": {
              "mode": "off"
            }
          },
          "mappings": [],
          "thresholds": {
            "mode": "absolute",
            "steps": [
              {
                "color": "text",
                "value": null
              }
            ]
          },
          "unit": "s"
        },
        "overrides": [
          {
            "matcher": {
              "id": "byName",
              "options": "Value"
            },
            "properties": [
              {
                "id": "displayName",
                "value": "MTTR"
              }
            ]
          }
        ]
      },
      "gridPos": {
        "h": 9,
        "w": 24,
        "x": 0,
        "y": 23
      },
      "id": 34,
      "options": {
        "legend": {
          "calcs": [],
          "displayMode": "list",
          "placement": "bottom",
          "showLegend": false
        },
        "tooltip": {
          "mode": "single",
          "sort": "none"
        }
      },
      "pluginVersion": "9.5.2",
      "targets": [
        {
          "datasource": {
            "type": "prometheus",
            "uid": "${datasource}"
          },
          "editorMode": "code",
          "exemplar": false,
          "expr": "avg(sum($alert_groups_response_time_seconds_sum{slug=~\"$instance\", team=~\"$team\", integration=~\"$integration\"}) / sum($alert_groups_response_time_seconds_count{slug=~\"$instance\", team=~\"$team\", integration=~\"$integration\"}))",
          "instant": false,
          "legendFormat": "__auto",
          "range": true,
          "refId": "A"
        }
      ],
      "title": "MTTR changed for period",
      "type": "timeseries"
    },
    {
      "collapsed": false,
      "gridPos": {
        "h": 1,
        "w": 24,
        "x": 0,
        "y": 32
      },
      "id": 11,
      "panels": [],
      "title": "Integrations data",
      "type": "row"
    },
    {
      "datasource": {
        "type": "prometheus",
        "uid": "${datasource}"
      },
      "description": "",
      "fieldConfig": {
        "defaults": {
          "color": {
            "mode": "thresholds"
          },
          "custom": {
            "align": "auto",
            "cellOptions": {
              "mode": "gradient",
              "type": "gauge",
              "valueDisplayMode": "color"
            },
            "filterable": false,
            "inspect": false
          },
          "mappings": [],
          "thresholds": {
            "mode": "absolute",
            "steps": [
              {
                "color": "green",
                "value": null
              }
            ]
          }
        },
        "overrides": [
          {
            "matcher": {
              "id": "byName",
              "options": "Integration"
            },
            "properties": [
              {
                "id": "custom.cellOptions",
                "value": {
                  "type": "auto"
                }
              },
              {
                "id": "custom.width",
                "value": 300
              }
            ]
          }
        ]
      },
      "gridPos": {
        "h": 23,
        "w": 12,
        "x": 0,
        "y": 33
      },
      "id": 20,
      "options": {
        "cellHeight": "sm",
        "footer": {
          "countRows": false,
          "fields": "",
          "reducer": ["sum"],
          "show": false
        },
        "showHeader": true,
        "sortBy": []
      },
      "pluginVersion": "9.5.2",
      "targets": [
        {
          "datasource": {
            "type": "prometheus",
            "uid": "${datasource}"
          },
          "editorMode": "code",
          "exemplar": false,
          "expr": "sort_desc(max_over_time(sum by(integration) (avg without(pod, instance)($alert_groups_total{slug=~\"$instance\", team=~\"$team\", integration=~\"$integration\"}))[1d:]))",
          "format": "table",
          "instant": true,
          "legendFormat": "__auto",
          "range": false,
          "refId": "A"
        }
      ],
      "title": "Alert groups by Integration",
      "transformations": [
        {
          "id": "seriesToRows",
          "options": {}
        },
        {
          "id": "organize",
          "options": {
            "excludeByName": {
              "Time": true
            },
            "indexByName": {},
            "renameByName": {
              "Metric": "Integration",
              "Value": "Alert groups",
              "integration": "Integration"
            }
          }
        }
      ],
      "type": "table"
    },
    {
      "datasource": {
        "type": "prometheus",
        "uid": "${datasource}"
      },
      "description": "",
      "fieldConfig": {
        "defaults": {
          "color": {
            "mode": "continuous-GrYlRd"
          },
          "custom": {
            "align": "auto",
            "cellOptions": {
              "mode": "gradient",
              "type": "gauge",
              "valueDisplayMode": "text"
            },
            "filterable": false,
            "inspect": false
          },
          "mappings": [],
          "thresholds": {
            "mode": "absolute",
            "steps": [
              {
                "color": "green",
                "value": null
              },
              {
                "color": "red",
                "value": 5400
              }
            ]
          },
          "unit": "s"
        },
        "overrides": [
          {
            "matcher": {
              "id": "byName",
              "options": "Integration"
            },
            "properties": [
              {
                "id": "custom.cellOptions",
                "value": {
                  "type": "auto"
                }
              },
              {
                "id": "custom.width",
                "value": 300
              }
            ]
          }
        ]
      },
      "gridPos": {
        "h": 23,
        "w": 12,
        "x": 12,
        "y": 33
      },
      "id": 21,
      "options": {
        "cellHeight": "sm",
        "footer": {
          "countRows": false,
          "fields": "",
          "reducer": ["sum"],
          "show": false
        },
        "showHeader": true,
        "sortBy": []
      },
      "pluginVersion": "9.5.2",
      "targets": [
        {
          "datasource": {
            "type": "prometheus",
            "uid": "${datasource}"
          },
          "editorMode": "code",
          "exemplar": false,
          "expr": "sort_desc(avg_over_time((sum by (integration)($alert_groups_response_time_seconds_sum{slug=~\"$instance\", team=~\"$team\", integration=~\"$integration\"}) / sum by (integration)($alert_groups_response_time_seconds_count{slug=~\"$instance\", team=~\"$team\", integration=~\"$integration\"}))[$__range:]))",
          "format": "table",
          "instant": true,
          "legendFormat": "__auto",
          "range": false,
          "refId": "A"
        }
      ],
      "title": "Mean time to respond (MTTR) by Integration",
      "transformations": [
        {
          "id": "seriesToRows",
          "options": {}
        },
        {
          "id": "organize",
          "options": {
            "excludeByName": {
              "Time": true,
              "cluster": true,
              "container": true,
              "id": true,
              "instance": true,
              "job": true,
              "namespace": true,
              "org_id": true,
              "pod": true,
              "slug": true,
              "team": true
            },
            "indexByName": {},
            "renameByName": {
              "Metric": "Integration",
              "Value": "MTTR",
              "integration": "Integration"
            }
          }
        }
      ],
      "type": "table"
    },
    {
      "collapsed": false,
      "gridPos": {
        "h": 1,
        "w": 24,
        "x": 0,
        "y": 56
      },
      "id": 38,
      "panels": [],
      "title": "Notified alert groups by Users (based on all Integrations)",
      "type": "row"
    },
    {
      "datasource": {
        "type": "prometheus",
        "uid": "${datasource}"
      },
      "fieldConfig": {
        "defaults": {
          "color": {
            "mode": "palette-classic"
          },
          "custom": {
            "axisCenteredZero": false,
            "axisColorMode": "text",
            "axisLabel": "",
            "axisPlacement": "auto",
            "barAlignment": 0,
            "drawStyle": "line",
            "fillOpacity": 80,
            "gradientMode": "opacity",
            "hideFrom": {
              "legend": false,
              "tooltip": false,
              "viz": false
            },
            "insertNulls": false,
            "lineInterpolation": "linear",
            "lineStyle": {
              "fill": "solid"
            },
            "lineWidth": 1,
            "pointSize": 5,
            "scaleDistribution": {
              "type": "linear"
            },
            "showPoints": "auto",
            "spanNulls": false,
            "stacking": {
              "group": "A",
              "mode": "normal"
            },
            "thresholdsStyle": {
              "mode": "off"
            }
          },
          "decimals": 0,
          "mappings": [],
          "thresholds": {
            "mode": "absolute",
            "steps": [
              {
                "color": "green",
                "value": null
              }
            ]
          }
        },
        "overrides": [
          {
            "matcher": {
              "id": "byValue",
              "options": {
                "op": "gte",
                "reducer": "allIsZero",
                "value": 0
              }
            },
            "properties": [
              {
                "id": "custom.hideFrom",
                "value": {
                  "legend": true,
                  "tooltip": true,
                  "viz": true
                }
              }
            ]
          }
        ]
      },
      "gridPos": {
        "h": 10,
        "w": 24,
        "x": 0,
        "y": 57
      },
      "id": 36,
      "options": {
        "legend": {
          "calcs": [],
          "displayMode": "list",
          "placement": "bottom",
          "showLegend": true
        },
        "tooltip": {
          "mode": "multi",
          "sort": "desc"
        }
      },
      "targets": [
        {
          "datasource": {
            "type": "prometheus",
            "uid": "${datasource}"
          },
          "disableTextWrap": false,
          "editorMode": "code",
          "excludeNullMetadata": false,
          "exemplar": false,
          "expr": "increase(max_over_time(sum by (username) (avg without(pod, instance) ($user_was_notified_of_alert_groups_total{slug=~\"$instance\"}))[30m:])[1h:])",
          "fullMetaSearch": false,
          "instant": false,
          "legendFormat": "__auto",
          "range": true,
          "refId": "A",
          "useBackend": false
        }
      ],
      "title": "New alert groups notifications during time period",
      "type": "timeseries"
    },
    {
      "datasource": {
        "type": "prometheus",
        "uid": "${datasource}"
      },
      "description": "",
      "fieldConfig": {
        "defaults": {
          "color": {
            "mode": "thresholds"
          },
          "custom": {
            "align": "auto",
            "cellOptions": {
              "mode": "gradient",
              "type": "gauge",
              "valueDisplayMode": "color"
            },
            "filterable": false,
            "inspect": false
          },
          "mappings": [],
          "thresholds": {
            "mode": "absolute",
            "steps": [
              {
                "color": "green",
                "value": null
              }
            ]
          }
        },
        "overrides": [
          {
            "matcher": {
              "id": "byName",
              "options": "Username"
            },
            "properties": [
              {
                "id": "custom.cellOptions",
                "value": {
                  "type": "auto"
                }
              },
              {
                "id": "custom.width",
                "value": 300
              }
            ]
          }
        ]
      },
      "gridPos": {
        "h": 11,
        "w": 12,
        "x": 0,
        "y": 67
      },
      "id": 35,
      "options": {
        "cellHeight": "sm",
        "footer": {
          "countRows": false,
          "fields": "",
          "reducer": ["sum"],
          "show": false
        },
        "showHeader": true,
        "sortBy": []
      },
      "pluginVersion": "9.5.2",
      "targets": [
        {
          "datasource": {
            "type": "prometheus",
            "uid": "${datasource}"
          },
          "editorMode": "code",
          "exemplar": false,
          "expr": "sort_desc(max_over_time(sum by(username) (avg without(pod, instance)($user_was_notified_of_alert_groups_total{slug=~\"$instance\"}))[1d:]))",
          "format": "table",
          "instant": true,
          "legendFormat": "__auto",
          "range": false,
          "refId": "A"
        }
      ],
      "title": "New alert groups notifications in total",
      "transformations": [
        {
          "id": "seriesToRows",
          "options": {}
        },
        {
          "id": "organize",
          "options": {
            "excludeByName": {
              "Time": true,
              "username": false
            },
            "indexByName": {},
            "renameByName": {
              "Metric": "Integration",
              "Value": "Alert groups",
              "team": "Team",
              "username": "Username"
            }
          }
        }
      ],
      "type": "table"
    },
    {
      "datasource": {
        "type": "prometheus",
        "uid": "${datasource}"
      },
      "description": "",
      "fieldConfig": {
        "defaults": {
          "color": {
            "mode": "thresholds"
          },
          "custom": {
            "align": "auto",
            "cellOptions": {
              "type": "gauge"
            },
            "filterable": false,
            "inspect": false
          },
          "decimals": 0,
          "mappings": [],
          "thresholds": {
            "mode": "absolute",
            "steps": [
              {
                "color": "green",
                "value": null
              }
            ]
          },
          "unit": "none"
        },
        "overrides": [
          {
            "matcher": {
              "id": "byName",
              "options": "Username"
            },
            "properties": [
              {
                "id": "custom.cellOptions",
                "value": {
                  "type": "auto"
                }
              },
              {
                "id": "custom.width",
                "value": 300
              }
            ]
          }
        ]
      },
      "gridPos": {
        "h": 11,
        "w": 12,
        "x": 12,
        "y": 67
      },
      "id": 37,
      "options": {
        "cellHeight": "sm",
        "footer": {
          "countRows": false,
          "fields": "",
          "reducer": ["sum"],
          "show": false
        },
        "showHeader": true,
        "sortBy": []
      },
      "pluginVersion": "9.5.2",
      "targets": [
        {
          "datasource": {
            "type": "prometheus",
            "uid": "${datasource}"
          },
          "editorMode": "code",
          "exemplar": false,
          "expr": "sort_desc(increase(max_over_time(sum by (username) (avg without(pod, instance) ($user_was_notified_of_alert_groups_total{slug=~\"$instance\"}))[1h:])[$__range:]))",
          "format": "table",
          "instant": true,
          "legendFormat": "__auto",
          "range": false,
          "refId": "A"
        }
      ],
      "title": "New alert groups notifications for period",
      "transformations": [
        {
          "id": "seriesToRows",
          "options": {}
        },
        {
          "id": "organize",
          "options": {
            "excludeByName": {
              "Time": true,
              "username": false
            },
            "indexByName": {},
            "renameByName": {
              "Metric": "Integration",
              "Value": "Alert groups",
              "team": "Team",
              "username": "Username"
            }
          }
        }
      ],
      "type": "table"
    },
    {
      "collapsed": false,
      "gridPos": {
        "h": 1,
        "w": 24,
        "x": 0,
        "y": 78
      },
      "id": 12,
      "panels": [],
      "title": "Teams data",
      "type": "row"
    },
    {
      "datasource": {
        "type": "prometheus",
        "uid": "${datasource}"
      },
      "description": "",
      "fieldConfig": {
        "defaults": {
          "color": {
            "mode": "thresholds"
          },
          "custom": {
            "align": "auto",
            "cellOptions": {
              "mode": "gradient",
              "type": "gauge",
              "valueDisplayMode": "color"
            },
            "filterable": false,
            "inspect": false
          },
          "mappings": [],
          "thresholds": {
            "mode": "absolute",
            "steps": [
              {
                "color": "green",
                "value": null
              }
            ]
          }
        },
        "overrides": [
          {
            "matcher": {
              "id": "byName",
              "options": "Team"
            },
            "properties": [
              {
                "id": "custom.cellOptions",
                "value": {
                  "type": "auto"
                }
              },
              {
                "id": "custom.width",
                "value": 300
              }
            ]
          }
        ]
      },
      "gridPos": {
        "h": 11,
        "w": 12,
        "x": 0,
        "y": 79
      },
      "id": 22,
      "options": {
        "cellHeight": "sm",
        "footer": {
          "countRows": false,
          "fields": "",
          "reducer": ["sum"],
          "show": false
        },
        "showHeader": true,
        "sortBy": []
      },
      "pluginVersion": "9.5.2",
      "targets": [
        {
          "datasource": {
            "type": "prometheus",
            "uid": "${datasource}"
          },
          "editorMode": "code",
          "exemplar": false,
          "expr": "sort_desc(max_over_time(sum by(team) (avg without(pod, instance)($alert_groups_total{slug=~\"$instance\", team=~\"$team\", integration=~\"$integration\"}))[1d:]))",
          "format": "table",
          "instant": true,
          "legendFormat": "__auto",
          "range": false,
          "refId": "A"
        }
      ],
      "title": "Alert groups by Team",
      "transformations": [
        {
          "id": "seriesToRows",
          "options": {}
        },
        {
          "id": "organize",
          "options": {
            "excludeByName": {
              "Time": true
            },
            "indexByName": {},
            "renameByName": {
              "Metric": "Integration",
              "Value": "Alert groups",
              "team": "Team"
            }
          }
        }
      ],
      "type": "table"
    },
    {
      "datasource": {
        "type": "prometheus",
        "uid": "${datasource}"
      },
      "description": "",
      "fieldConfig": {
        "defaults": {
          "color": {
            "mode": "continuous-GrYlRd"
          },
          "custom": {
            "align": "left",
            "cellOptions": {
              "mode": "gradient",
              "type": "gauge",
              "valueDisplayMode": "text"
            },
            "filterable": false,
            "inspect": false
          },
          "mappings": [],
          "thresholds": {
            "mode": "absolute",
            "steps": [
              {
                "color": "green",
                "value": null
              },
              {
                "color": "red",
                "value": 5400
              }
            ]
          },
          "unit": "s"
        },
        "overrides": [
          {
            "matcher": {
              "id": "byName",
              "options": "Team"
            },
            "properties": [
              {
                "id": "custom.cellOptions",
                "value": {
                  "type": "auto"
                }
              },
              {
                "id": "custom.width",
                "value": 300
              }
            ]
          }
        ]
      },
      "gridPos": {
        "h": 11,
        "w": 12,
        "x": 12,
        "y": 79
      },
      "id": 23,
      "options": {
        "cellHeight": "sm",
        "footer": {
          "countRows": false,
          "fields": "",
          "reducer": ["sum"],
          "show": false
        },
        "showHeader": true,
        "sortBy": []
      },
      "pluginVersion": "9.5.2",
      "targets": [
        {
          "datasource": {
            "type": "prometheus",
            "uid": "${datasource}"
          },
          "editorMode": "code",
          "exemplar": false,
          "expr": "sort_desc(avg_over_time((sum by(team) ($alert_groups_response_time_seconds_sum{slug=~\"$instance\", team=~\"$team\", integration=~\"$integration\"}) / sum by(team)($alert_groups_response_time_seconds_count{slug=~\"$instance\", team=~\"$team\", integration=~\"$integration\"}))[$__range:]))",
          "format": "table",
          "instant": true,
          "legendFormat": "__auto",
          "range": false,
          "refId": "A"
        }
      ],
      "title": "Mean time to respond by Team (MTTR)",
      "transformations": [
        {
          "id": "seriesToRows",
          "options": {}
        },
        {
          "id": "organize",
          "options": {
            "excludeByName": {
              "Time": true
            },
            "indexByName": {},
            "renameByName": {
              "Metric": "Integration",
              "Value": "MTTR",
              "team": "Team"
            }
          }
        }
      ],
      "type": "table"
    }
  ],
  "refresh": false,
  "schemaVersion": 38,
  "style": "dark",
  "tags": ["oncall"],
  "templating": {
    "list": [
      {
        "current": {
          "selected": true,
          "text": "grafanacloud-usage",
          "value": "grafanacloud-usage"
        },
        "hide": 0,
        "includeAll": false,
        "label": "Data source",
        "multi": false,
        "name": "datasource",
        "options": [],
        "query": "prometheus",
        "queryValue": "",
        "refresh": 1,
        "regex": "",
        "skipUrlSync": false,
        "type": "datasource"
      },
      {
        "current": {
          "selected": true,
          "text": ["oncall_alert_groups_total", "grafanacloud_oncall_instance_alert_groups_total"],
          "value": ["oncall_alert_groups_total", "grafanacloud_oncall_instance_alert_groups_total"]
        },
        "datasource": {
          "type": "prometheus",
          "uid": "${datasource}"
        },
        "definition": "metrics(alert_groups_total)",
        "hide": 2,
        "includeAll": false,
        "label": "alert_groups_total",
        "multi": true,
        "name": "alert_groups_total",
        "options": [],
        "query": {
          "query": "metrics(alert_groups_total)",
          "refId": "PrometheusVariableQueryEditor-VariableQuery"
        },
        "refresh": 1,
        "regex": "",
        "skipUrlSync": false,
        "sort": 0,
        "type": "query"
      },
      {
        "datasource": {
          "type": "prometheus",
          "uid": "${datasource}"
        },
        "definition": "metrics(alert_groups_response_time_seconds_count)",
        "hide": 2,
        "includeAll": false,
        "label": "alert_groups_response_time_seconds_count",
        "multi": false,
        "name": "alert_groups_response_time_seconds_count",
        "options": [],
        "query": {
          "query": "metrics(alert_groups_response_time_seconds_count)",
          "refId": "PrometheusVariableQueryEditor-VariableQuery"
        },
        "refresh": 1,
        "regex": "",
        "skipUrlSync": false,
        "sort": 0,
        "type": "query"
      },
      {
        "datasource": {
          "type": "prometheus",
          "uid": "${datasource}"
        },
        "definition": "metrics(alert_groups_response_time_seconds_sum)",
        "hide": 2,
        "includeAll": false,
        "label": "alert_groups_response_time_seconds_sum",
        "multi": false,
        "name": "alert_groups_response_time_seconds_sum",
        "options": [],
        "query": {
          "query": "metrics(alert_groups_response_time_seconds_sum)",
          "refId": "PrometheusVariableQueryEditor-VariableQuery"
        },
        "refresh": 1,
        "regex": "",
        "skipUrlSync": false,
        "sort": 0,
        "type": "query"
      },
      {
        "datasource": {
          "type": "prometheus",
          "uid": "${datasource}"
        },
        "definition": "metrics(alert_groups_response_time_seconds_bucket)",
        "hide": 2,
        "includeAll": false,
        "label": "alert_groups_response_time_seconds_bucket",
        "multi": false,
        "name": "alert_groups_response_time_seconds_bucket",
        "options": [],
        "query": {
          "query": "metrics(alert_groups_response_time_seconds_bucket)",
          "refId": "PrometheusVariableQueryEditor-VariableQuery"
        },
        "refresh": 1,
        "regex": "",
        "skipUrlSync": false,
        "sort": 0,
        "type": "query"
      },
      {
        "datasource": {
          "type": "prometheus",
          "uid": "${datasource}"
        },
        "definition": "metrics(user_was_notified_of_alert_groups_total)",
        "hide": 2,
        "includeAll": false,
        "label": "user_was_notified_of_alert_groups_total",
        "multi": false,
        "name": "user_was_notified_of_alert_groups_total",
        "options": [],
        "query": {
          "query": "metrics(user_was_notified_of_alert_groups_total)",
          "refId": "PrometheusVariableQueryEditor-VariableQuery"
        },
        "refresh": 2,
        "regex": "",
        "skipUrlSync": false,
        "sort": 0,
        "type": "query"
      },
      {
        "current": {
          "selected": true,
          "text": ["All"],
          "value": ["$__all"]
        },
        "datasource": {
          "type": "prometheus",
          "uid": "${datasource}"
        },
        "definition": "label_values(${alert_groups_total},slug)",
        "hide": 0,
        "includeAll": true,
        "label": "Instance",
        "multi": true,
        "name": "instance",
        "options": [],
        "query": {
          "query": "label_values(${alert_groups_total},slug)",
          "refId": "PrometheusVariableQueryEditor-VariableQuery"
        },
        "refresh": 1,
        "regex": "",
        "skipUrlSync": false,
        "sort": 0,
        "type": "query"
      },
      {
        "current": {
          "selected": true,
          "text": ["All"],
          "value": ["$__all"]
        },
        "datasource": {
          "type": "prometheus",
          "uid": "${datasource}"
        },
        "definition": "label_values(${alert_groups_total}{slug=~\"$instance\"},team)",
        "hide": 0,
        "includeAll": true,
        "label": "Team",
        "multi": true,
        "name": "team",
        "options": [],
        "query": {
          "query": "label_values(${alert_groups_total}{slug=~\"$instance\"},team)",
          "refId": "PrometheusVariableQueryEditor-VariableQuery"
        },
        "refresh": 2,
        "regex": "",
        "skipUrlSync": false,
        "sort": 0,
        "type": "query"
      },
      {
        "current": {
          "selected": true,
          "text": ["All"],
          "value": ["$__all"]
        },
        "datasource": {
          "type": "prometheus",
          "uid": "${datasource}"
        },
        "definition": "label_values(${alert_groups_total}{team=~\"$team\",slug=~\"$instance\"},integration)",
        "hide": 0,
        "includeAll": true,
        "label": "Integration",
        "multi": true,
        "name": "integration",
        "options": [],
        "query": {
          "query": "label_values(${alert_groups_total}{team=~\"$team\",slug=~\"$instance\"},integration)",
          "refId": "PrometheusVariableQueryEditor-VariableQuery"
        },
        "refresh": 2,
        "regex": "",
        "skipUrlSync": false,
        "sort": 0,
        "type": "query"
      }
    ]
  },
  "time": {
    "from": "now-7d",
    "to": "now"
  },
  "timepicker": {
    "refresh_intervals": ["5s", "10s", "30s", "1m", "5m", "15m", "30m", "1h", "2h", "1d"],
    "time_options": ["5m", "15m", "1h", "6h", "12h", "24h", "2d", "7d", "30d"]
  },
  "timezone": "browser",
  "title": "OnCall Insights",
  "version": 2,
  "weekStart": ""
}
